{
  "board_pattern": {
    "pattern_size": [
      7,
      7
    ],
    "square_size_mm": 32.0
  },
  "base_T_board": [
    [
      -0.999562,
      -0.029306,
      0.004116,
      79.454394
    ],
    [
      0.029511,
      -0.997458,
      0.064853,
      428.593912
    ],
    [
      0.002205,
      0.064946,
      0.997886,
      -34.528676
    ],
    [
      0.0,
      0.0,
      0.0,
      1.0
    ]
  ]
}