{
  "board_pattern": {
    "pattern_size": [
      7,
      7
    ],
    "square_size_mm": 32.0
  },
  "base_T_board": [
    [
      -0.984885,
      0.169556,
      -0.03539,
      462.032252
    ],
    [
      -0.169574,
      -0.985514,
      -0.002531,
      175.428176
    ],
    [
      -0.035306,
      0.003508,
      0.99937,
      -11.183894
    ],
    [
      0.0,
      0.0,
      0.0,
      1.0
    ]
  ]
}