{
  "source": "device",
  "device_index": 0,
  "backend": "dshow",
  "width": 640,
  "height": 480,
  "fps": 30,
  "image_path": "data/frame.png",
  "intrinsics": {
    "fx": 649.3757897952736,
    "fy": 802.3274473663248,
    "cx": 305.59645786684405,
    "cy": 234.655131235258
  },
  "distortion": [
    0.16948112721122272,
    -0.48306191730995096,
    0.008072529238312615,
    -0.02149454091253151,
    0.49329196891739635
  ],
  "image_size": [
    640,
    480
  ]
}
