{
  "source": "device",
  "device_index": 0,
  "backend": "dshow",
  "width": 640,
  "height": 480,
  "fps": 30,
  "image_path": "data/frame.png",
  "intrinsics": {
    "fx": 629.8842523054407,
    "fy": 754.5249570875068,
    "cx": 297.24210569819303,
    "cy": 239.39207350691441
  },
  "distortion": [
    0.16926419867942583,
    -0.19318936784053822,
    0.0072973945960719865,
    -0.02759938863981955,
    -0.46972363025116
  ],
  "image_size": [
    640,
    480
  ]
}