{
  "source": "device",
  "device_index": 0,
  "backend": "dshow",
  "width": 640,
  "height": 480,
  "fps": 30,
  "image_path": "data/frame.png",
  "intrinsics": {
    "fx": 617.2911504186982,
    "fy": 665.4281706118717,
    "cx": 299.80821656306205,
    "cy": 233.10775300552487
  },
  "distortion": [
    0.23565966321360785,
    -1.2457272785030542,
    0.006720391006574164,
    -0.021344452811666186,
    2.530968846285764
  ],
  "image_size": [
    640,
    480
  ]
}