{
  "base_T_cam": [
    [
      -0.9204292992137604,
      -0.2906738221269993,
      0.2613783355195063,
      364.26746864937166
    ],
    [
      0.370080499445098,
      -0.4326031339411096,
      0.8221283065524488,
      -358.75757446442225
    ],
    [
      -0.12589809005434838,
      0.8534420060170532,
      0.5057533126794675,
      27.168509886977517
    ],
    [
      0.0,
      0.0,
      0.0,
      1.0
    ]
  ],
  "gripper_T_tcp": [
    [
      1.0,
      0.0,
      0.0,
      0.0
    ],
    [
      0.0,
      1.0,
      0.0,
      0.0
    ],
    [
      0.0,
      0.0,
      1.0,
      0.0
    ],
    [
      0.0,
      0.0,
      0.0,
      1.0
    ]
  ]
}