{
  "base_T_cam": [
    [
      0.401314,
      -0.63938,
      0.655851,
      305.984694
    ],
    [
      0.910835,
      0.203082,
      -0.359356,
      -31.451493
    ],
    [
      0.096574,
      0.741587,
      0.663869,
      259.16416
    ],
    [
      0.0,
      0.0,
      0.0,
      1.0
    ]
  ],
  "gripper_T_tcp": [
    [
      1.0,
      0.0,
      0.0,
      0.0
    ],
    [
      0.0,
      1.0,
      0.0,
      0.0
    ],
    [
      0.0,
      0.0,
      1.0,
      0.0
    ],
    [
      0.0,
      0.0,
      0.0,
      1.0
    ]
  ]
}