{
  "base_T_cam": [
    [
      -0.620806,
      0.2951,
      -0.726303,
      919.013053
    ],
    [
      -0.778878,
      -0.337525,
      0.528607,
      -245.34938
    ],
    [
      -0.089154,
      0.893864,
      0.439385,
      -296.509569
    ],
    [
      0.0,
      0.0,
      0.0,
      1.0
    ]
  ],
  "gripper_T_tcp": [
    [
      1.0,
      0.0,
      0.0,
      0.0
    ],
    [
      0.0,
      1.0,
      0.0,
      0.0
    ],
    [
      0.0,
      0.0,
      1.0,
      0.0
    ],
    [
      0.0,
      0.0,
      0.0,
      1.0
    ]
  ]
}