{
  "base_T_cam": [
    [
      -0.990879,
      -0.090977,
      0.09941,
      -45.07821
    ],
    [
      0.127007,
      -0.383965,
      0.914571,
      -217.57395
    ],
    [
      -0.045035,
      0.918855,
      0.392017,
      -277.153628
    ],
    [
      0.0,
      0.0,
      0.0,
      1.0
    ]
  ],
  "gripper_T_tcp": [
    [
      1.0,
      0.0,
      0.0,
      0.0
    ],
    [
      0.0,
      1.0,
      0.0,
      0.0
    ],
    [
      0.0,
      0.0,
      1.0,
      0.0
    ],
    [
      0.0,
      0.0,
      0.0,
      1.0
    ]
  ]
}